{"data_time": 1.0406247302889824, "eta_seconds": 122627.56421338767, "iteration": 19, "loss_box_reg_unsup": 1.1284323334693909, "loss_cls_unsup": 0.1518690437078476, "loss_rpn_cls_unsup": 0.15071675926446915, "loss_rpn_loc_unsup": 0.7780852317810059, "lr": 0.0007752400000000001, "roi_head/num_target_bg_samples_unsupervised": 0.0, "roi_head/num_target_fg_samples_unsupervised": 0.0, "time": 4.090312348678708, "total_loss": 2.23546239733696}
{"data_time": 1.0143233202397823, "eta_seconds": 122698.20913981646, "iteration": 39, "loss_box_reg_unsup": 1.1067212224006653, "loss_cls_unsup": 0.1664421260356903, "loss_rpn_cls_unsup": 0.17264476418495178, "loss_rpn_loc_unsup": 0.7763677537441254, "lr": 0.00157444, "roi_head/num_target_bg_samples_unsupervised": 0.0, "roi_head/num_target_fg_samples_unsupervised": 0.0, "time": 4.095400839112699, "total_loss": 2.1991264075040817}
